return_id,order_id,product_id,return_reason,return_date,refund_amount
1,4889,147,Wrong item,2025-05-26,7266.21
2,593,282,Customer changed mind,2025-07-11,3470.17
3,1237,117,Wrong item,2025-05-20,370.90
4,34,236,Quality issue,2025-04-05,146.64
5,2370,109,Wrong item,2026-05-03,909.46
6,1157,167,Late delivery,2025-10-28,787.78
7,1451,184,Wrong item,2025-05-22,984.73
8,704,35,Customer changed mind,2025-12-18,5260.70
9,3946,217,Late delivery,2025-11-11,4924.72
10,4160,137,Damaged product,2026-02-09,3749.54
11,1323,129,Late delivery,2025-12-10,29679.77
12,790,63,Late delivery,2025-09-02,936.30
13,409,48,Late delivery,2025-02-09,217.20
14,4514,76,Customer changed mind,2025-02-27,300.75
15,959,147,Late delivery,2026-04-26,3590.94
16,3605,84,Customer changed mind,2025-03-26,5168.10
17,2985,198,Late delivery,2026-01-22,512.95
18,1313,217,Wrong item,2026-03-30,0.00
19,4356,190,Customer changed mind,2025-03-09,74.49
20,3213,154,Late delivery,2026-03-22,4725.20
21,139,132,Damaged product,2026-04-21,20603.66
22,2352,279,Quality issue,2025-05-02,1042.96
23,212,96,Damaged product,2025-09-29,192.18
24,4193,259,Customer changed mind,2025-02-11,363.73
25,894,193,Wrong item,2025-09-09,24068.05
26,3867,4,Damaged product,2026-04-09,0.00
27,1552,31,Wrong item,2025-01-28,216.75
28,122,45,Late delivery,2025-07-22,751.97
29,3572,234,Damaged product,2025-07-01,801.98
30,10,217,Late delivery,2026-03-16,2300.33
31,4722,168,Customer changed mind,2026-05-03,3579.87
32,4347,20,Wrong item,2025-08-06,6700.14
33,1164,254,Late delivery,2025-06-17,47.66
34,652,65,Late delivery,2026-04-07,13641.36
35,1540,226,Damaged product,2025-09-04,54789.16
36,1684,249,Late delivery,2025-04-29,4089.60
37,204,165,Damaged product,2025-01-17,383.80
38,1177,107,Damaged product,2025-10-31,204.71
39,2711,63,Damaged product,2026-02-05,483.37
40,4739,236,Damaged product,2026-05-15,255.42
41,1354,185,Wrong item,2025-07-28,658.66
42,547,211,Customer changed mind,2026-02-10,3982.60
43,4361,122,Late delivery,2026-05-10,0.00
44,794,194,Wrong item,2025-08-21,39442.46
45,4584,234,Late delivery,2025-12-22,2745.80
46,2048,83,Customer changed mind,2025-04-26,3370.38
47,3909,200,Quality issue,2025-12-05,2643.06
48,4748,67,Quality issue,2025-05-24,6661.69
49,2216,11,Damaged product,2025-12-04,218.35
50,4401,35,Quality issue,2025-08-06,1105.99
51,2707,241,Late delivery,2026-03-28,12898.74
52,4705,110,Quality issue,2025-07-13,129.28
53,3135,94,Wrong item,2025-01-16,211.98
54,3298,282,Customer changed mind,2026-03-06,1891.73
55,2106,211,Quality issue,2025-01-06,3806.17
56,1611,105,Quality issue,2026-01-06,5612.85
57,614,217,Damaged product,2025-07-06,0.00
58,3118,81,Damaged product,2025-08-10,16070.05
59,1322,25,Quality issue,2025-04-25,4845.72
60,1763,256,Wrong item,2026-01-13,40.54
61,1248,45,Wrong item,2025-10-13,980.90
62,1925,185,Late delivery,2025-12-27,1824.34
63,3817,174,Customer changed mind,2025-02-21,395.42
64,400,63,Wrong item,2025-08-11,6215.15
65,2914,250,Late delivery,2025-12-04,2101.23
66,2430,106,Wrong item,2025-07-19,7071.36
67,4226,292,Quality issue,2026-01-30,2289.36
68,3278,13,Wrong item,2026-02-21,266.31
69,4694,176,Wrong item,2026-01-31,155.38
70,1533,182,Late delivery,2025-12-04,3098.94
71,2024,177,Quality issue,2025-02-22,15123.24
72,3111,18,Customer changed mind,2025-11-09,40417.22
73,1944,93,Customer changed mind,2026-03-19,202.21
74,3488,128,Late delivery,2025-06-10,92.06
75,2233,28,Late delivery,2025-07-31,2058.68
76,4720,280,Late delivery,2025-06-24,382.74
77,3075,280,Damaged product,2025-10-21,761.90
78,2331,123,Customer changed mind,2025-03-22,854.57
79,1399,194,Late delivery,2026-02-15,37158.95
80,378,189,Late delivery,2026-03-04,611.04
81,1929,148,Quality issue,2026-07-01,914.77
82,5000,171,Wrong item,2025-10-05,570.85
83,979,235,Quality issue,2025-04-28,378.40
84,1885,31,Damaged product,2025-02-04,214.60
85,2889,77,Late delivery,2025-10-13,127.22
86,788,274,Late delivery,2026-05-09,40213.97
87,4372,165,Damaged product,2026-01-08,413.02
88,3199,171,Customer changed mind,2025-08-26,487.95
89,3011,137,Wrong item,2025-08-28,2864.21
90,2388,119,Customer changed mind,2025-01-08,160.61
91,1479,53,Late delivery,2026-04-30,2398.45
92,2400,275,Customer changed mind,2025-08-09,6542.68
93,1410,49,Wrong item,2025-03-01,7216.46
94,1262,285,Late delivery,2026-08-02,615.24
95,1292,47,Damaged product,2025-07-22,140.90
96,1189,213,Customer changed mind,2025-02-15,693.99
97,3762,27,Quality issue,2026-02-01,173.02
98,3728,16,Damaged product,2025-12-29,88.42
99,4191,5,Damaged product,2026-01-12,433.66
100,1928,106,Late delivery,2025-07-02,8675.75
101,2429,183,Wrong item,2025-11-29,906.83
102,2666,265,Late delivery,2026-04-18,1547.71
103,3908,295,Customer changed mind,2025-05-03,1046.20
104,198,193,Damaged product,2025-01-25,19387.08
105,1245,40,Late delivery,2025-09-08,3503.75
106,1312,223,Late delivery,2025-06-30,139.04
107,3607,44,Damaged product,2025-02-13,1636.13
108,3652,212,Late delivery,2026-03-09,12809.79
109,3684,80,Late delivery,2025-09-20,231.08
110,1938,92,Wrong item,2025-04-23,160.84
111,1025,169,Damaged product,2026-01-25,504.85
112,886,200,Late delivery,2025-12-25,0.00
113,706,69,Quality issue,2025-09-05,373.94
114,732,145,Late delivery,2025-09-19,16621.11
115,4314,187,Quality issue,2025-04-03,221.27
116,4258,300,Quality issue,2025-06-26,64.39
117,3985,150,Late delivery,2025-02-19,1437.76
118,612,15,Late delivery,2026-05-24,256.92
119,4180,92,Wrong item,2025-04-19,343.55
120,1443,181,Wrong item,2025-07-31,2082.04
121,1276,6,Customer changed mind,2025-01-18,3916.16
122,702,227,Late delivery,2025-01-14,6877.20
123,4632,263,Late delivery,2025-02-19,874.44
124,3998,284,Customer changed mind,2026-01-06,362.98
125,1465,190,Late delivery,2025-07-22,126.62
126,1355,266,Wrong item,2025-04-13,4327.82
127,2016,122,Wrong item,2025-02-28,0.00
128,1159,120,Customer changed mind,2026-10-02,247.14
129,939,280,Wrong item,2026-11-05,2099.32
130,2749,94,Quality issue,2026-01-11,295.46
131,254,146,Wrong item,2026-05-22,49959.40
132,4395,292,Customer changed mind,2025-07-20,4849.45
133,4119,74,Customer changed mind,2025-08-09,746.76
134,3031,136,Wrong item,2026-01-20,1928.31
135,2976,222,Customer changed mind,2026-06-03,83.54
136,2769,180,Late delivery,2025-11-22,0.00
137,3456,11,Customer changed mind,2025-11-13,576.38
138,3924,207,Quality issue,2026-01-24,51.19
139,1039,39,Damaged product,2025-09-14,2015.82
140,3268,132,Damaged product,2025-05-09,14443.95
141,1514,215,Quality issue,2025-01-31,336.12
142,4037,136,Customer changed mind,2026-02-23,698.30
143,97,58,Wrong item,2025-12-02,3401.00
144,2434,205,Damaged product,2026-01-16,185.47
145,824,17,Quality issue,2026-01-09,20841.06
146,271,26,Damaged product,2025-08-09,916.93
147,980,38,Late delivery,2025-11-06,681.87
148,3445,112,Wrong item,2026-04-10,34.22
149,755,181,Quality issue,2025-07-12,469.58
150,2332,165,Wrong item,2026-03-29,369.44
151,397,184,Damaged product,2025-05-24,4270.16
152,1807,167,Wrong item,2025-04-15,870.95
153,4782,60,Wrong item,2025-07-05,381.74
154,3183,256,Quality issue,2025-06-09,37.65
155,3650,278,Quality issue,2025-04-05,5708.00
156,280,137,Damaged product,2026-01-10,2115.99
157,655,92,Quality issue,2025-11-30,168.15
158,79,109,Late delivery,2025-05-20,203.10
159,3751,64,Wrong item,2025-04-07,52.77
160,4961,156,Quality issue,2025-08-02,814.80
161,2276,271,Wrong item,2026-01-17,161.90
162,4168,150,Customer changed mind,2025-02-07,1785.12
163,3424,111,Customer changed mind,2025-09-21,97.67
164,3345,35,Quality issue,2025-06-17,1760.81
165,4039,155,Wrong item,2025-08-20,388.61
166,1889,22,Late delivery,2025-10-05,1942.10
167,2972,134,Damaged product,2026-01-01,511.74
168,633,300,Customer changed mind,2026-04-13,56.82
169,519,163,Damaged product,2025-09-17,2005.21
170,713,39,Late delivery,2026-11-04,401.53
171,4485,199,Late delivery,2025-03-10,1135.91
172,4695,37,Late delivery,2025-09-26,887.75
173,4799,245,Damaged product,2025-04-14,1966.66
174,689,186,Damaged product,2026-04-05,0.00
175,2477,59,Late delivery,2025-07-14,180.83
176,3818,273,Customer changed mind,2025-05-31,21061.35
177,2404,43,Customer changed mind,2025-05-26,397.07
178,3284,228,Late delivery,2025-12-19,11671.14
179,3107,17,Damaged product,2025-03-04,14301.70
180,1193,93,Wrong item,2026-04-13,162.40
181,4732,165,Quality issue,2025-12-03,101.12
182,4956,283,Damaged product,2025-06-17,184.32
183,922,19,Quality issue,2026-04-25,7147.80
184,3744,264,Damaged product,2026-05-07,3769.40
185,4504,233,Late delivery,2025-06-18,683.64
186,1577,41,Wrong item,2025-06-15,2443.28
187,671,199,Quality issue,2025-08-07,1586.69
188,2698,112,Quality issue,2025-02-12,36.70
189,650,108,Wrong item,2025-02-08,1334.20
190,1204,69,Wrong item,2025-09-24,337.68
191,1146,91,Customer changed mind,2025-02-05,60.54
192,3030,89,Damaged product,2026-03-03,1826.04
193,45,131,Late delivery,2025-11-07,3909.38
194,1306,148,Quality issue,2026-05-25,4360.40
195,2811,188,Late delivery,2025-08-24,351.12
196,3703,157,Customer changed mind,2025-09-29,141.80
197,4557,61,Quality issue,2025-09-20,78.48
198,1186,62,Late delivery,2026-04-29,92.44
199,3973,229,Wrong item,2026-03-25,897.70
200,2197,270,Customer changed mind,2025-01-13,317.52
201,190,128,Wrong item,2026-02-09,98.32
202,1839,34,Quality issue,2025-07-28,4438.41
203,214,267,Quality issue,2026-01-21,313.96
204,3842,222,Customer changed mind,2025-07-06,82.55
205,965,152,Wrong item,2025-08-30,1512.83
206,2868,83,Damaged product,2025-12-30,2653.60
207,3185,42,Wrong item,2025-12-19,9093.01
208,225,281,Customer changed mind,2025-05-12,540.22
209,3137,185,Damaged product,2025-03-15,3353.30
210,3343,96,Damaged product,2026-04-04,212.43
211,4751,1,Wrong item,2025-04-17,10724.01
212,1526,17,Wrong item,2025-04-29,31094.45
213,2639,268,Damaged product,2025-09-25,374.14
214,4141,139,Late delivery,2026-02-19,784.78
215,3733,205,Wrong item,2026-03-29,329.73
216,4780,234,Customer changed mind,2025-07-04,3280.58
217,3680,86,Damaged product,2025-02-07,1260.19
218,580,67,Customer changed mind,2026-02-14,7005.47
219,3372,225,Wrong item,2025-11-07,27475.37
220,111,14,Damaged product,2026-03-05,59.70
221,403,282,Customer changed mind,2025-08-06,4991.90
222,4304,39,Damaged product,2025-03-27,889.73
223,60,207,Quality issue,2025-03-22,131.71
224,3144,47,Wrong item,2025-12-07,261.30
225,4589,6,Quality issue,2025-10-29,4412.78
226,2648,114,Customer changed mind,2026-12-04,0.00
227,1977,129,Quality issue,2025-04-17,29236.44
228,217,137,Late delivery,2026-01-16,5116.32
229,3581,66,Damaged product,2025-08-27,58587.10
230,3913,129,Quality issue,2026-05-19,7688.70
231,3929,230,Late delivery,2025-11-10,332954.43
232,4183,197,Damaged product,2025-03-04,4351.45
233,1548,178,Customer changed mind,2025-08-02,47245.21
234,3660,21,Late delivery,2025-07-01,533.25
235,2714,297,Quality issue,2026-05-12,896.31
236,2945,288,Damaged product,2026-02-24,227.93
237,1534,172,Damaged product,2025-03-29,823.84
238,4241,50,Quality issue,2025-07-14,30152.89
239,3559,213,Customer changed mind,2025-03-18,1249.36
240,104,125,Wrong item,2025-05-03,1096.54
241,3481,253,Quality issue,2025-12-14,80.94
242,1335,54,Damaged product,2025-09-10,714.76
243,4887,142,Late delivery,2025-12-26,158.36
244,2308,294,Quality issue,2025-01-24,1778.62
245,4075,10,Customer changed mind,2025-08-24,6098.62
246,1290,225,Wrong item,2025-05-15,17598.98
247,2306,145,Quality issue,2026-03-18,11262.06
248,905,194,Damaged product,2025-10-04,29264.44
249,2345,179,Damaged product,2025-03-03,708.82
250,2020,17,Late delivery,2025-01-15,23207.49
251,352,186,Damaged product,2026-01-20,1266.21
252,3513,179,Quality issue,2025-06-19,328.84
253,4885,42,Damaged product,2025-06-03,8508.96
254,1907,250,Customer changed mind,2026-04-06,1063.38
255,795,296,Quality issue,2025-02-17,1269.50
256,414,214,Quality issue,2026-02-05,385.51
257,1226,67,Wrong item,2025-03-12,6919.13
258,498,108,Late delivery,2025-06-03,1924.34
259,1407,287,Wrong item,2025-03-03,48.50
260,3846,176,Damaged product,2025-04-19,209.70
261,2584,122,Wrong item,2025-06-17,1140.33
262,924,72,Damaged product,2025-02-27,1402.56
263,1677,120,Damaged product,2025-01-26,600.33
264,4918,206,Quality issue,2026-03-16,250.03
265,4631,169,Wrong item,2026-05-06,6132.49
266,1692,60,Wrong item,2025-09-05,310.20
267,3854,190,Quality issue,2026-04-23,72.08
268,4641,150,Wrong item,2025-02-27,838.20
269,3802,57,Quality issue,2026-05-08,583.65
270,3960,224,Customer changed mind,2025-07-29,14.88
271,4576,238,Damaged product,2026-03-08,131.63
272,4140,127,Quality issue,2025-06-11,85.20
273,1194,259,Quality issue,2025-07-21,1022.76
274,1387,244,Customer changed mind,2025-10-18,3411.91
275,4013,128,Quality issue,2026-04-24,311.79
276,1821,170,Wrong item,2025-05-28,1181.02
277,1995,57,Wrong item,2026-03-19,429.55
278,3194,104,Customer changed mind,2026-04-21,4699.28
279,3882,278,Customer changed mind,2025-08-02,1262.48
280,3828,90,Wrong item,2026-04-24,1553.94
281,2052,145,Quality issue,2025-09-07,8903.41
282,4350,215,Quality issue,2025-08-08,240.74
283,1066,255,Wrong item,2025-06-13,94.05
284,2993,239,Customer changed mind,2025-10-22,294.64
285,311,245,Damaged product,2025-09-30,666.87
286,3442,191,Quality issue,2026-04-01,51.44
287,216,266,Late delivery,2025-10-31,6014.01
288,1988,10,Quality issue,2025-09-05,10523.15
289,3077,279,Late delivery,2025-08-31,1806.00
290,538,61,Late delivery,2025-07-01,177.19
291,2766,154,Quality issue,2025-04-13,2924.17
292,3847,196,Quality issue,2025-11-25,2142.94
293,4511,111,Damaged product,2026-03-19,22.46
294,1468,141,Damaged product,2026-05-10,761.25
295,2252,280,Customer changed mind,2025-07-02,1978.11
296,423,43,Wrong item,2025-10-15,67.95
297,2393,100,Damaged product,2025-05-12,7302.72
298,521,167,Quality issue,2025-07-16,874.57
299,2988,223,Late delivery,2025-02-14,86.30
300,4319,280,Late delivery,2025-01-11,1337.28
301,2182,289,Late delivery,2025-10-09,13343.44
302,3433,89,Customer changed mind,2025-10-11,1009.09
303,2305,229,Wrong item,2025-05-06,1057.78
304,1482,9,Damaged product,2025-10-21,1026.91
305,475,198,Damaged product,2025-03-03,2183.65
306,2978,295,Customer changed mind,2026-02-13,1090.72
307,4261,251,Quality issue,2025-04-03,683.88
308,4091,156,Late delivery,2026-04-05,1302.24
309,1691,292,Quality issue,2025-11-29,1072.79
310,3415,71,Quality issue,2025-03-15,658.00
311,80,293,Late delivery,2026-05-10,145.74
312,2509,17,Late delivery,2025-01-11,6235.01
313,2819,20,Late delivery,2026-03-04,3225.68
314,4671,63,Quality issue,2025-06-29,2118.42
315,1546,159,Late delivery,2025-02-12,133.60
316,1876,162,Damaged product,2025-08-03,35149.02
317,1086,236,Customer changed mind,2025-07-03,132.10
318,3178,5,Late delivery,2025-07-05,1167.70
319,2270,225,Quality issue,2026-03-29,24386.87
320,2631,270,Quality issue,2026-03-07,487.47
321,1764,122,Quality issue,2025-08-15,0.00
322,4431,97,Quality issue,2025-02-17,0.00
323,4826,171,Quality issue,2025-04-30,604.68
324,3341,73,Late delivery,2025-08-24,498.22
325,1199,156,Late delivery,2025-10-10,0.00
326,1240,284,Late delivery,2025-08-19,105.53
327,507,181,Wrong item,2025-03-26,2143.80
328,1343,89,Quality issue,2025-11-24,2464.47
329,4340,31,Damaged product,2026-07-02,106.33
330,3558,178,Customer changed mind,2025-07-18,62854.15
331,156,289,Wrong item,2025-11-27,7298.05
332,2288,182,Damaged product,2025-04-04,3282.64
333,1897,194,Damaged product,2025-05-25,69466.09
334,3063,250,Damaged product,2025-11-19,5529.16
335,2872,284,Damaged product,2025-08-07,0.00
336,3386,228,Wrong item,2025-06-09,8354.06
337,3896,298,Damaged product,2026-03-13,235.57
338,3435,25,Late delivery,2026-03-13,1160.61
339,4930,226,Late delivery,2026-01-18,22821.97
340,4086,250,Damaged product,2025-05-10,3614.28
341,2254,63,Damaged product,2025-12-13,2712.11
342,1337,86,Customer changed mind,2025-05-24,5180.58
343,931,163,Damaged product,2026-01-27,1918.82
344,42,262,Quality issue,2025-01-14,820.00
345,2340,231,Quality issue,2026-03-13,273896.14
346,4307,5,Customer changed mind,2026-03-23,940.44
347,4481,243,Damaged product,2025-07-10,2126.62
348,2449,210,Late delivery,2025-10-09,45783.12
349,1607,38,Wrong item,2025-01-12,1333.02
350,2017,71,Late delivery,2025-06-04,146.74
351,2849,227,Quality issue,2025-03-30,1122.72
352,4880,6,Late delivery,2026-05-02,5533.98
353,1786,180,Wrong item,2025-02-14,8316.14
354,2072,56,Quality issue,2025-04-22,2937.84
355,1730,149,Quality issue,2025-10-02,0.00
356,4676,232,Customer changed mind,2025-06-17,6125.48
357,2055,159,Late delivery,2026-04-14,133.89
358,3381,126,Customer changed mind,2025-03-18,21.88
359,1202,47,Wrong item,2025-12-17,102.20
360,4952,67,Wrong item,2025-08-22,4461.19
361,229,73,Late delivery,2025-01-28,477.90
362,3671,205,Wrong item,2025-09-16,859.10
363,4627,224,Quality issue,2025-12-20,71.73
364,1058,122,Customer changed mind,2025-09-17,6201.05
365,4640,45,Damaged product,2025-09-16,781.36
366,196,87,Wrong item,2026-03-21,1392.28
367,1229,161,Quality issue,2025-02-27,21580.79
368,4708,273,Customer changed mind,2026-01-28,4482.07
369,3836,250,Quality issue,2026-03-23,4298.98
370,36,271,Wrong item,2025-08-17,224.10
371,3630,269,Damaged product,2025-12-11,90.07
372,3895,140,Wrong item,2025-05-12,550.37
373,11,40,Customer changed mind,2025-10-28,4707.47
374,1751,35,Wrong item,2026-01-26,3511.35
375,502,261,Customer changed mind,2025-11-10,729.35
376,1502,103,Customer changed mind,2025-07-10,1642.75
377,2374,53,Wrong item,2025-04-01,1456.87
378,2492,280,Damaged product,2026-03-26,457.16
379,1717,45,Customer changed mind,2025-08-31,328.00
380,4406,245,Quality issue,2025-04-28,555.50
381,4354,151,Damaged product,2025-03-07,1084.52
382,1569,102,Wrong item,2025-04-09,5624.11
383,3120,152,Late delivery,2025-08-28,2023.15
384,2406,4,Wrong item,2025-11-08,9538.44
385,366,144,Damaged product,2026-04-10,173.04
386,3328,176,Wrong item,2026-03-30,125.60
387,4820,123,Quality issue,2026-03-04,799.45
388,4050,56,Customer changed mind,2025-01-08,4403.68
389,1173,268,Wrong item,2025-01-06,1693.76
390,3384,176,Damaged product,2025-10-14,41.76
391,448,54,Customer changed mind,2025-07-20,2150.46
392,346,236,Wrong item,2025-03-11,462951.42
393,259,130,Late delivery,2025-02-20,43232.15
394,1203,257,Damaged product,2025-04-24,3754.58
395,3580,179,Damaged product,2025-05-16,1609.79
396,1588,184,Quality issue,2025-12-18,1023.56
397,997,221,Quality issue,2026-05-16,300.51
398,2133,35,Late delivery,2025-08-24,2592.74
399,2791,253,Wrong item,2026-02-22,178.18
400,1822,190,Customer changed mind,2025-02-20,195.48
401,2446,233,Wrong item,2025-12-14,511.35
402,2300,144,Quality issue,2025-08-29,48.87
403,2471,18,Customer changed mind,2025-11-02,72957.77
404,2562,242,Wrong item,2025-01-03,11076.74
405,2420,270,Damaged product,2025-08-27,488.97
406,2697,55,Quality issue,2026-04-18,458.83
407,2793,293,Customer changed mind,2026-01-11,668.18
408,845,6,Wrong item,2026-03-13,1314.44
409,192,9,Late delivery,2026-02-14,1248.52
410,1113,49,Late delivery,2025-01-31,8292.87
411,4480,249,Late delivery,2025-01-08,1448.50
412,1530,214,Wrong item,2026-02-13,1379.31
413,2744,2,Late delivery,2026-03-25,26715.67
414,4547,63,Quality issue,2026-05-15,3900.08
415,4078,111,Quality issue,2025-04-27,39.47
416,3702,60,Damaged product,2026-05-12,161.41
417,2094,119,Wrong item,2025-12-12,274.68
418,715,238,Late delivery,2025-12-21,120.66
419,3027,211,Wrong item,2026-03-10,2634.15
420,4306,76,Quality issue,2025-01-13,996.93
421,373,202,Damaged product,2025-09-05,5867.42
422,1000,283,Damaged product,2025-05-05,766.73
423,1048,258,Customer changed mind,2025-05-02,53896.34
424,3781,70,Wrong item,2026-01-03,3197.15
425,456,158,Customer changed mind,2026-03-17,133.78
426,4345,264,Damaged product,2026-03-18,4183.12
427,4344,129,Customer changed mind,2025-04-10,31685.32
428,2624,44,Late delivery,2025-01-26,2084.50
429,4841,186,Wrong item,2025-08-04,6002.94
430,1886,103,Customer changed mind,2026-03-11,1598.87
431,2418,289,Customer changed mind,2025-07-21,10522.82
432,942,71,Quality issue,2025-09-01,171.73
433,1979,285,Late delivery,2025-08-04,607.45
434,4443,189,Late delivery,2025-10-10,672.15
435,4333,72,Late delivery,2025-06-16,627.68
436,947,226,Quality issue,2025-11-28,11822.31
437,1034,52,Quality issue,2025-03-17,5333.96
438,2416,190,Damaged product,2026-05-04,325.63
439,3212,146,Customer changed mind,2025-04-27,51853.89
440,4840,137,Quality issue,2025-05-17,1203.50
441,1549,104,Quality issue,2026-02-26,2453.83
442,129,114,Late delivery,2025-11-20,37643.74
443,885,42,Damaged product,2025-12-04,2080.44
444,1381,49,Damaged product,2026-04-29,5190.22
445,478,125,Customer changed mind,2025-02-22,215.49
446,416,239,Quality issue,2025-01-24,307.88
447,1021,244,Damaged product,2025-08-02,5934.24
448,3807,249,Damaged product,2025-02-12,2448.27
449,3928,68,Damaged product,2026-02-21,2422.29
450,3989,87,Quality issue,2025-03-17,1083.82
451,1432,21,Quality issue,2026-03-29,109.34
452,2801,255,Damaged product,2025-09-27,100.69
453,4112,143,Quality issue,2025-11-29,108.32
454,4014,254,Late delivery,2025-08-07,236.22
455,3784,160,Damaged product,2025-05-05,203.22
456,1767,62,Damaged product,2025-08-31,124.77
457,525,16,Customer changed mind,2025-10-23,167.54
458,3252,209,Customer changed mind,2026-01-02,21971.36
459,4322,227,Damaged product,2025-12-01,2047.14
460,3759,78,Customer changed mind,2026-01-23,195.07
461,536,145,Quality issue,2025-02-22,9973.16
462,3721,152,Wrong item,2025-11-03,813.32
463,3602,1,Customer changed mind,2025-02-01,28419.04
464,1004,76,Customer changed mind,2025-09-08,1586.53
465,3086,159,Customer changed mind,2025-02-21,44.13
466,1439,223,Late delivery,2025-03-01,107.23
467,488,18,Damaged product,2025-09-07,25110.78
468,1340,263,Customer changed mind,2025-07-01,1123.29
469,935,274,Late delivery,2025-11-23,40843.49
470,1584,75,Wrong item,2025-11-28,406.18
471,2775,146,Customer changed mind,2026-01-09,67675.48
472,2090,32,Quality issue,2026-01-15,184.11
473,2994,52,Customer changed mind,2025-03-27,1155.55
474,3953,209,Wrong item,2025-12-08,502854.69
475,2269,252,Quality issue,2025-07-18,1112.77
476,4810,51,Quality issue,2026-05-03,2711.42
477,1814,221,Wrong item,2026-04-26,203.29
478,3255,97,Damaged product,2026-04-24,5248.91
479,184,144,Quality issue,2025-04-26,59.14
480,4883,162,Late delivery,2025-09-26,31699.79
481,3914,164,Late delivery,2025-09-15,7754.87
482,3859,142,Customer changed mind,2025-03-11,118.05
483,2529,86,Late delivery,2026-02-16,6842.55
484,3450,24,Damaged product,2025-04-27,3682.08
485,1185,299,Wrong item,2025-10-03,842.29
486,4088,36,Damaged product,2025-02-14,7413.48
487,3474,281,Late delivery,2025-02-22,3305.70
488,1178,79,Wrong item,2025-12-31,221.76
489,3808,143,Quality issue,2025-08-24,146.72
490,4150,147,Late delivery,2026-03-21,6635.89
491,1916,287,Quality issue,2025-07-13,0.00
492,3496,265,Customer changed mind,2025-09-08,4520.59
493,841,227,Customer changed mind,2025-01-11,1445.45
494,4363,226,Wrong item,2025-09-30,53388.48
495,3743,1,Quality issue,2025-06-21,29504.48
496,957,6,Customer changed mind,2025-02-11,6452.14
497,3512,205,Wrong item,2025-01-15,173.75
498,1373,14,Quality issue,2025-12-17,257.16
499,1679,98,Quality issue,2026-04-04,23560.62
500,4858,139,Damaged product,2025-07-25,396.76
501,1140,172,Customer changed mind,2026-02-06,662.61
502,3418,86,Late delivery,2026-04-01,3770.36
503,4444,239,Wrong item,2026-03-15,262.48
504,3335,138,Damaged product,2025-07-08,186898.44
505,1028,118,Wrong item,2025-06-16,2745.59
506,3072,126,Wrong item,2026-03-24,38.70
507,3966,93,Customer changed mind,2026-02-07,165.00
508,2379,196,Quality issue,2025-06-18,3225.04
509,4495,76,Customer changed mind,2025-06-06,618.57
510,1212,151,Quality issue,2025-09-04,510.06
511,3434,17,Customer changed mind,2025-07-28,12624.62
512,562,121,Wrong item,2026-02-12,711.39
513,1940,169,Late delivery,2025-06-09,1194.00
514,4092,31,Wrong item,2025-01-19,82.69
515,3308,23,Wrong item,2025-10-31,1020.64
516,2933,101,Wrong item,2026-03-03,2024.30
517,351,295,Quality issue,2026-01-10,1034.25
518,2772,113,Wrong item,2025-01-26,6547.04
519,3160,288,Damaged product,2025-03-12,311.56
520,4177,103,Customer changed mind,2025-08-11,774.10
521,4435,245,Customer changed mind,2025-12-27,1941.23
522,4682,74,Wrong item,2025-11-20,1918.05
523,1403,258,Damaged product,2025-09-24,63611.96
524,4813,37,Late delivery,2025-04-16,310.65
525,3275,139,Quality issue,2025-08-15,607.92
526,4551,121,Late delivery,2025-05-10,1585.04
527,2953,64,Customer changed mind,2025-09-06,92.65
528,435,24,Wrong item,2026-01-12,4350.05
529,1477,295,Customer changed mind,2025-09-14,808.32
530,3089,289,Customer changed mind,2026-05-13,3676.97
531,203,88,Wrong item,2025-06-11,3956.65
532,1948,266,Customer changed mind,2025-08-02,8202.60
533,2402,254,Late delivery,2025-07-30,147.97
534,2659,63,Customer changed mind,2026-03-31,283.10
535,2078,110,Damaged product,2026-01-27,322.25
536,2124,30,Late delivery,2025-03-09,267.25
537,4081,55,Damaged product,2025-11-26,465.16
538,1570,290,Wrong item,2026-05-02,23347.98
539,2930,111,Late delivery,2025-07-05,69.45
540,4294,110,Wrong item,2025-02-26,162.16
541,1141,190,Wrong item,2025-03-28,328.28
542,1455,128,Customer changed mind,2025-09-18,81.29
543,3885,217,Customer changed mind,2026-03-24,5295.93
544,356,218,Quality issue,2025-11-03,3958.52
545,3792,108,Wrong item,2025-12-31,1166.45
546,3712,47,Damaged product,2026-01-20,213.88
547,921,289,Quality issue,2025-02-12,15420.28
548,2282,145,Wrong item,2025-10-15,25799.30
549,4550,10,Wrong item,2025-02-16,5704.29
550,2938,148,Quality issue,2025-12-15,1597.62
551,4977,143,Wrong item,2025-04-09,65.20
552,711,89,Wrong item,2026-05-07,515.66
553,812,251,Late delivery,2025-05-19,461.02
554,2605,17,Wrong item,2025-10-24,21148.80
555,3917,102,Damaged product,2025-03-07,4909.52
556,3833,2,Customer changed mind,2025-05-10,30184.63
557,3610,231,Wrong item,2025-04-30,1821.85
558,3636,193,Quality issue,2025-09-11,22321.28
559,3476,45,Damaged product,2026-03-03,550.25
560,2821,21,Quality issue,2026-01-04,498.04
561,1302,68,Quality issue,2025-05-18,11437.48
562,4960,289,Late delivery,2025-12-25,15584.32
563,647,112,Quality issue,2025-09-06,32.21
564,3012,120,Late delivery,2025-08-25,560.06
565,3632,262,Damaged product,2026-11-05,646.96
566,1831,194,Damaged product,2025-11-09,22847.29
567,2658,142,Quality issue,2025-01-10,207.34
568,2224,89,Wrong item,2025-07-24,1448.93
569,4825,123,Quality issue,2025-12-21,207.65
570,3980,251,Late delivery,2025-04-01,513.90
571,4916,85,Quality issue,2025-08-17,4709.55
572,4618,51,Damaged product,2025-05-26,4464.33
573,2099,107,Wrong item,2025-03-27,449.92
574,2493,13,Damaged product,2026-03-24,98.91
575,3193,104,Customer changed mind,2025-04-10,3667.74
576,4651,38,Quality issue,2025-05-13,1082.92
577,4544,189,Damaged product,2025-12-05,612.50
578,726,173,Quality issue,2025-03-24,954.42
579,3731,177,Customer changed mind,2025-09-07,6644.28
580,508,101,Wrong item,2025-10-25,932.58
581,3073,99,Damaged product,2025-05-19,4328.18
582,458,115,Wrong item,2025-11-18,1473.82
583,2888,164,Quality issue,2025-09-21,12337.22
584,3119,106,Wrong item,2025-06-08,3408.79
585,4502,67,Late delivery,2025-03-15,276866.27
586,4526,86,Quality issue,2025-11-04,3151.39
587,2804,182,Damaged product,2025-02-14,0.00
588,1123,155,Quality issue,2025-02-01,545.55
589,357,143,Wrong item,2025-06-18,31.25
590,2035,51,Late delivery,2025-01-14,6267.48
591,4697,60,Damaged product,2025-09-23,76.66
592,4629,48,Quality issue,2025-05-04,120.30
593,1997,114,Quality issue,2025-09-26,29445.65
594,2565,141,Wrong item,2025-02-27,571.26
595,4602,162,Wrong item,2025-02-28,30399.43
596,3732,205,Wrong item,2025-12-22,168.64
597,2851,177,Late delivery,2025-07-21,7588.56
598,2590,24,Customer changed mind,2025-08-21,2312.66
599,4856,246,Quality issue,2026-03-08,2388.12
600,4223,214,Damaged product,2026-04-23,427.58
601,573,113,Wrong item,2025-02-07,12768.68
602,1033,174,Late delivery,2026-01-04,460.20
603,3087,111,Late delivery,2025-10-13,0.00
604,3159,182,Quality issue,2026-02-26,2276.59
605,2491,114,Customer changed mind,2026-01-21,22395.08
606,530,64,Customer changed mind,2025-03-25,117.42
607,734,137,Damaged product,2025-01-15,3012.34
608,2968,106,Customer changed mind,2026-01-16,4750.14
609,3017,261,Wrong item,2025-09-11,526.11
610,3322,30,Wrong item,2025-03-08,247.81
611,1150,69,Customer changed mind,2026-03-11,1457.34
612,876,140,Wrong item,2026-02-01,861.54
613,761,46,Late delivery,2025-04-21,392.87
614,4215,196,Wrong item,2025-01-24,4146.05
615,561,180,Customer changed mind,2025-07-17,10687.00
616,2068,293,Wrong item,2025-07-19,716.10
617,419,155,Late delivery,2025-04-20,171.25
618,1567,238,Quality issue,2025-01-09,409.03
619,2617,87,Customer changed mind,2025-08-19,1316.72
620,3291,288,Wrong item,2025-09-27,304.92
621,3673,208,Quality issue,2025-09-11,130.20
622,1121,203,Late delivery,2025-09-13,502.35
623,81,30,Late delivery,2025-07-30,475.87
624,3145,239,Late delivery,2025-04-27,120.62
625,2202,94,Customer changed mind,2025-06-03,570.51
626,3156,266,Wrong item,2025-02-09,4819.88
627,178,48,Late delivery,2026-01-12,175.00
628,1015,220,Wrong item,2026-05-21,549.89
629,2203,264,Damaged product,2025-08-02,812.05
630,344,268,Wrong item,2025-08-18,909.06
631,4704,138,Damaged product,2026-01-09,1929.16
632,2312,26,Damaged product,2026-11-05,4126.50
633,368,141,Customer changed mind,2025-12-04,760.30
634,3230,253,Late delivery,2025-05-20,154.18
635,4605,124,Quality issue,2026-05-03,359.32
636,1750,209,Late delivery,2026-04-02,6653.16
637,2531,278,Customer changed mind,2025-11-22,1520.21
638,3375,249,Late delivery,2026-04-01,2022.17
639,1388,53,Damaged product,2025-06-21,1470.82
640,3904,280,Wrong item,2026-04-04,1149.60
641,360,285,Customer changed mind,2025-05-22,654.63
642,2104,127,Damaged product,2025-07-04,116.02
643,3835,59,Customer changed mind,2026-03-07,270.00
644,4577,227,Customer changed mind,2026-03-21,1484.65
645,2850,195,Customer changed mind,2025-01-31,3433.16
646,1628,9,Wrong item,2026-04-12,1377.56
647,2942,107,Late delivery,2026-02-09,98.75
648,1561,243,Late delivery,2025-08-14,3727.23
649,1070,231,Quality issue,2025-09-27,0.00
650,609,159,Customer changed mind,2025-05-06,174.24
651,4702,288,Quality issue,2025-02-16,403.10
652,1457,5,Late delivery,2025-09-01,827.98
653,2348,42,Customer changed mind,2025-05-26,6056.67
654,4957,210,Quality issue,2026-05-25,62239.29
655,3407,271,Wrong item,2026-03-19,426.80
656,4982,150,Late delivery,2025-03-23,409.98
657,4645,12,Late delivery,2025-07-17,1483.56
658,312,133,Quality issue,2025-04-14,5348.88
659,2837,46,Wrong item,2026-01-29,357.24
660,3282,66,Damaged product,2025-12-24,11992.62
661,826,208,Damaged product,2025-05-01,83.18
662,4842,157,Wrong item,2025-03-26,371.70
663,4358,147,Quality issue,2026-05-14,6810.72
664,1055,137,Customer changed mind,2025-11-01,3343.45
665,3042,21,Damaged product,2025-10-10,617.21
666,12,83,Customer changed mind,2025-07-27,2796.69
667,3293,299,Quality issue,2025-07-11,203.90
668,1182,266,Damaged product,2025-08-11,1823.29
669,4571,246,Damaged product,2025-09-22,4346.24
670,4902,133,Wrong item,2026-05-06,1906.29
671,3056,282,Customer changed mind,2025-06-10,3565.18
672,4019,16,Wrong item,2025-03-11,38.34
673,303,29,Wrong item,2026-05-06,172.80
674,2089,198,Customer changed mind,2025-08-10,430.24
675,1586,190,Wrong item,2026-01-23,71.81
676,1523,187,Late delivery,2025-08-14,264.56
677,972,281,Late delivery,2025-04-24,2095.05
678,3752,297,Customer changed mind,2025-12-27,681.33
679,2444,68,Late delivery,2025-03-23,2719.91
680,3503,236,Customer changed mind,2026-01-10,225.82
681,251,232,Late delivery,2026-04-03,2605.75
682,1936,136,Customer changed mind,2025-02-05,1887.53
683,148,113,Quality issue,2026-05-14,32001.03
684,4148,44,Late delivery,2025-03-18,687.67
685,3587,296,Quality issue,2025-07-22,692.86
686,3720,156,Late delivery,2025-01-28,1207.69
687,3870,263,Wrong item,2025-10-12,954.88
688,1985,135,Late delivery,2025-08-07,400.62
689,4111,283,Customer changed mind,2025-03-09,876.14
690,2934,166,Late delivery,2026-01-27,514.02
691,2939,243,Damaged product,2025-04-25,5837.63
692,3379,90,Customer changed mind,2025-06-12,2094.37
693,1841,293,Damaged product,2025-04-12,133.62
694,3935,231,Wrong item,2026-02-24,1569.57
695,3423,95,Wrong item,2025-09-23,62.77
696,1217,182,Customer changed mind,2026-03-07,2781.09
697,1840,273,Customer changed mind,2026-01-02,0.00
698,1647,142,Late delivery,2025-04-13,333.31
699,3803,247,Quality issue,2025-07-02,1123.85
700,95,105,Wrong item,2026-03-31,3261.37
701,1105,60,Quality issue,2025-03-31,333.96
702,1510,160,Quality issue,2026-01-26,91.16
703,1908,146,Customer changed mind,2025-12-10,13842.68
704,1122,218,Late delivery,2026-02-23,7294.00
705,3043,191,Quality issue,2026-04-16,51.95
706,1793,272,Customer changed mind,2026-01-12,121.04
707,3444,150,Quality issue,2025-09-04,772.46
708,4800,242,Late delivery,2025-12-19,35130.60
709,743,28,Late delivery,2026-07-02,1547.69
710,2761,97,Late delivery,2025-11-04,16993.07
711,4545,95,Customer changed mind,2026-01-15,225.72
712,4717,248,Wrong item,2025-02-01,1539.65
713,3591,266,Late delivery,2026-04-30,7953.32
714,2534,140,Wrong item,2025-07-17,255.11
715,3409,21,Customer changed mind,2026-01-06,203.01
716,3865,11,Quality issue,2025-02-11,245.50
717,3342,4,Wrong item,2025-02-07,8752.28
718,1384,106,Damaged product,2025-10-07,5460.64
719,2764,136,Quality issue,2026-04-06,695.93
720,2717,162,Damaged product,2025-04-01,83566.89
721,2673,65,Wrong item,2025-04-02,28082.37
722,8,189,Damaged product,2025-02-14,308.03
723,2558,112,Customer changed mind,2025-11-23,64.96
724,4947,244,Quality issue,2025-09-21,3258.54
725,638,276,Customer changed mind,2026-05-14,8407.28
726,4975,69,Customer changed mind,2026-01-28,1692.56
727,4500,296,Late delivery,2026-03-29,1587.19
728,3499,237,Wrong item,2025-04-08,175.65
729,4997,272,Quality issue,2025-12-03,55.84
730,4089,194,Late delivery,2026-04-22,45002.69
731,3624,185,Damaged product,2025-09-02,1318.04
732,3753,58,Quality issue,2025-03-07,3550.54
733,4022,120,Late delivery,2026-05-08,1458.25
734,2753,209,Wrong item,2025-10-21,15115.81
735,999,199,Late delivery,2025-02-22,923.05
736,3013,154,Late delivery,2026-02-07,1544.05
737,230,50,Wrong item,2025-10-25,15258.51
738,222,15,Customer changed mind,2026-05-25,80.09
